date,product_id,quantity_sold,promotion_flag,split,forecast_ma4
2022-01-02,P0016,1685,0,train,
2022-01-09,P0016,4358,0,train,
2022-01-16,P0016,4493,0,train,
2022-01-23,P0016,3866,0,train,
2022-01-30,P0016,3561,0,train,3600.5
2022-02-06,P0016,4832,0,train,4069.5
2022-02-13,P0016,4002,0,train,4188.0
2022-02-20,P0016,5624,0,train,4065.25
2022-02-27,P0016,4745,0,train,4504.75
2022-03-06,P0016,4379,0,train,4800.75
2022-03-13,P0016,4873,0,train,4687.5
2022-03-20,P0016,5353,0,train,4905.25
2022-03-27,P0016,4492,0,train,4837.5
2022-04-03,P0016,4063,0,train,4774.25
2022-04-10,P0016,4049,0,train,4695.25
2022-04-17,P0016,5250,0,train,4489.25
2022-04-24,P0016,3483,0,train,4463.5
2022-05-01,P0016,4916,0,train,4211.25
2022-05-08,P0016,5127,0,train,4424.5
2022-05-15,P0016,4965,0,train,4694.0
2022-05-22,P0016,4332,0,train,4622.75
2022-05-29,P0016,4237,0,train,4835.0
2022-06-05,P0016,4308,0,train,4665.25
2022-06-12,P0016,5079,0,train,4460.5
2022-06-19,P0016,5319,0,train,4489.0
2022-06-26,P0016,6034,0,train,4735.75
2022-07-03,P0016,5222,0,train,5185.0
2022-07-10,P0016,5313,0,train,5413.5
2022-07-17,P0016,5009,0,train,5472.0
2022-07-24,P0016,6874,0,train,5394.5
2022-07-31,P0016,5167,0,train,5604.5
2022-08-07,P0016,5743,0,train,5590.75
2022-08-14,P0016,4596,0,train,5698.25
2022-08-21,P0016,4320,0,train,5595.0
2022-08-28,P0016,5450,0,train,4956.5
2022-09-04,P0016,3754,0,train,5027.25
2022-09-11,P0016,5572,0,train,4530.0
2022-09-18,P0016,6003,0,train,4774.0
2022-09-25,P0016,4200,0,train,5194.75
2022-10-02,P0016,5258,0,train,4882.25
2022-10-09,P0016,3647,0,train,5258.25
2022-10-16,P0016,4300,0,train,4777.0
2022-10-23,P0016,5247,0,train,4351.25
2022-10-30,P0016,4813,0,train,4613.0
2022-11-06,P0016,5267,0,train,4501.75
2022-11-13,P0016,5478,0,train,4906.75
2022-11-20,P0016,6185,0,train,5201.25
2022-11-27,P0016,5168,0,train,5435.75
2022-12-04,P0016,4914,0,train,5524.5
2022-12-11,P0016,5294,0,train,5436.25
2022-12-18,P0016,4379,0,train,5390.25
2022-12-25,P0016,4220,0,train,4938.75
2023-01-01,P0016,4377,0,train,4701.75
2023-01-08,P0016,4364,0,train,4567.5
2023-01-15,P0016,3751,0,train,4335.0
2023-01-22,P0016,5803,0,train,4178.0
2023-01-29,P0016,5270,0,train,4573.75
2023-02-05,P0016,4458,0,train,4797.0
2023-02-12,P0016,5543,0,train,4820.5
2023-02-19,P0016,5224,0,train,5268.5
2023-02-26,P0016,4590,0,train,5123.75
2023-03-05,P0016,4669,0,train,4953.75
2023-03-12,P0016,5244,0,train,5006.5
2023-03-19,P0016,4672,0,train,4931.75
2023-03-26,P0016,5011,0,train,4793.75
2023-04-02,P0016,5157,0,train,4899.0
2023-04-09,P0016,6140,0,train,5021.0
2023-04-16,P0016,4737,0,train,5245.0
2023-04-23,P0016,4239,0,train,5261.25
2023-04-30,P0016,4512,0,train,5068.25
2023-05-07,P0016,5342,0,train,4907.0
2023-05-14,P0016,4630,0,train,4707.5
2023-05-21,P0016,4682,0,train,4680.75
2023-05-28,P0016,4925,0,train,4791.5
2023-06-04,P0016,3993,0,validation,4894.75
2023-06-11,P0016,5013,0,validation,4557.5
2023-06-18,P0016,4951,0,validation,4653.25
2023-06-25,P0016,4525,0,validation,4720.5
2023-07-02,P0016,4910,0,validation,4620.5
2023-07-09,P0016,5031,0,validation,4849.75
2023-07-16,P0016,5736,0,validation,4854.25
2023-07-23,P0016,4407,0,validation,5050.5
2023-07-30,P0016,4393,0,validation,5021.0
2023-08-06,P0016,5779,0,validation,4891.75
2023-08-13,P0016,4476,0,validation,5078.75
2023-08-20,P0016,5025,0,validation,4763.75
2023-08-27,P0016,5393,0,validation,4918.25
2023-09-03,P0016,4191,0,validation,5168.25
2023-09-10,P0016,5131,0,validation,4771.25
2023-09-17,P0016,6327,0,validation,4935.0
2023-09-24,P0016,3362,0,test,5260.5
2023-10-01,P0016,4085,0,test,4752.75
2023-10-08,P0016,3774,0,test,4726.25
2023-10-15,P0016,4718,0,test,4387.0
2023-10-22,P0016,5022,0,test,3984.75
2023-10-29,P0016,5069,0,test,4399.75
2023-11-05,P0016,6196,0,test,4645.75
2023-11-12,P0016,4716,0,test,5251.25
2023-11-19,P0016,4784,0,test,5250.75
2023-11-26,P0016,5598,0,test,5191.25
2023-12-03,P0016,4705,0,test,5323.5
2023-12-10,P0016,5179,0,test,4950.75
2023-12-17,P0016,5924,0,test,5066.5
2023-12-24,P0016,4927,0,test,5351.5
2023-12-31,P0016,4511,0,test,5183.75
2024-01-07,P0016,463,0,test,5135.25
2022-01-02,P0020,1258,0,train,
2022-01-09,P0020,4149,0,train,
2022-01-16,P0020,5935,0,train,
2022-01-23,P0020,3724,0,train,
2022-01-30,P0020,4785,0,train,3766.5
2022-02-06,P0020,4337,0,train,4648.25
2022-02-13,P0020,4101,0,train,4695.25
2022-02-20,P0020,4228,0,train,4236.75
2022-02-27,P0020,5020,0,train,4362.75
2022-03-06,P0020,5871,0,train,4421.5
2022-03-13,P0020,6766,0,train,4805.0
2022-03-20,P0020,4859,0,train,5471.25
2022-03-27,P0020,4901,0,train,5629.0
2022-04-03,P0020,4733,0,train,5599.25
2022-04-10,P0020,6039,0,train,5314.75
2022-04-17,P0020,4969,0,train,5133.0
2022-04-24,P0020,4587,0,train,5160.5
2022-05-01,P0020,5213,0,train,5082.0
2022-05-08,P0020,5203,0,train,5202.0
2022-05-15,P0020,3942,0,train,4993.0
2022-05-22,P0020,4651,0,train,4736.25
2022-05-29,P0020,3564,0,train,4752.25
2022-06-05,P0020,6111,0,train,4340.0
2022-06-12,P0020,5152,0,train,4567.0
2022-06-19,P0020,5271,0,train,4869.5
2022-06-26,P0020,5256,0,train,5024.5
2022-07-03,P0020,4408,0,train,5447.5
2022-07-10,P0020,4939,0,train,5021.75
2022-07-17,P0020,5676,0,train,4968.5
2022-07-24,P0020,6082,0,train,5069.75
2022-07-31,P0020,5334,0,train,5276.25
2022-08-07,P0020,3598,0,train,5507.75
2022-08-14,P0020,4402,0,train,5172.5
2022-08-21,P0020,5173,0,train,4854.0
2022-08-28,P0020,3506,0,train,4626.75
2022-09-04,P0020,4078,0,train,4169.75
2022-09-11,P0020,5689,0,train,4289.75
2022-09-18,P0020,4069,0,train,4611.5
2022-09-25,P0020,4632,0,train,4335.5
2022-10-02,P0020,5037,0,train,4617.0
2022-10-09,P0020,5223,0,train,4856.75
2022-10-16,P0020,5804,0,train,4740.25
2022-10-23,P0020,5142,0,train,5174.0
2022-10-30,P0020,5583,0,train,5301.5
2022-11-06,P0020,5361,0,train,5438.0
2022-11-13,P0020,4916,0,train,5472.5
2022-11-20,P0020,4421,0,train,5250.5
2022-11-27,P0020,5327,0,train,5070.25
2022-12-04,P0020,4598,0,train,5006.25
2022-12-11,P0020,5382,0,train,4815.5
2022-12-18,P0020,3675,0,train,4932.0
2022-12-25,P0020,5191,0,train,4745.5
2023-01-01,P0020,4496,0,train,4711.5
2023-01-08,P0020,5362,0,train,4686.0
2023-01-15,P0020,4814,0,train,4681.0
2023-01-22,P0020,4811,0,train,4965.75
2023-01-29,P0020,5026,0,train,4870.75
2023-02-05,P0020,5321,0,train,5003.25
2023-02-12,P0020,5218,0,train,4993.0
2023-02-19,P0020,6168,0,train,5094.0
2023-02-26,P0020,4471,0,train,5433.25
2023-03-05,P0020,3794,0,train,5294.5
2023-03-12,P0020,4487,0,train,4912.75
2023-03-19,P0020,4395,0,train,4730.0
2023-03-26,P0020,3761,0,train,4286.75
2023-04-02,P0020,6464,0,train,4109.25
2023-04-09,P0020,4283,0,train,4776.75
2023-04-16,P0020,4713,0,train,4725.75
2023-04-23,P0020,5292,0,train,4805.25
2023-04-30,P0020,4834,0,train,5188.0
2023-05-07,P0020,5109,0,train,4780.5
2023-05-14,P0020,4866,0,train,4987.0
2023-05-21,P0020,4056,0,train,5025.25
2023-05-28,P0020,4024,0,train,4716.25
2023-06-04,P0020,4716,0,validation,4513.75
2023-06-11,P0020,3820,0,validation,4415.5
2023-06-18,P0020,4713,0,validation,4154.0
2023-06-25,P0020,5436,0,validation,4318.25
2023-07-02,P0020,4984,0,validation,4671.25
2023-07-09,P0020,4912,0,validation,4738.25
2023-07-16,P0020,5513,0,validation,5011.25
2023-07-23,P0020,5492,0,validation,5211.25
2023-07-30,P0020,4329,0,validation,5225.25
2023-08-06,P0020,4402,0,validation,5061.5
2023-08-13,P0020,4406,0,validation,4934.0
2023-08-20,P0020,4277,0,validation,4657.25
2023-08-27,P0020,4114,0,validation,4353.5
2023-09-03,P0020,4329,0,validation,4299.75
2023-09-10,P0020,3814,0,validation,4281.5
2023-09-17,P0020,5244,0,validation,4133.5
2023-09-24,P0020,4846,0,test,4375.25
2023-10-01,P0020,5460,0,test,4558.25
2023-10-08,P0020,4911,0,test,4841.0
2023-10-15,P0020,4255,0,test,5115.25
2023-10-22,P0020,5300,0,test,4868.0
2023-10-29,P0020,4436,0,test,4981.5
2023-11-05,P0020,4380,0,test,4725.5
2023-11-12,P0020,5535,0,test,4592.75
2023-11-19,P0020,6085,0,test,4912.75
2023-11-26,P0020,5234,0,test,5109.0
2023-12-03,P0020,4159,0,test,5308.5
2023-12-10,P0020,4727,0,test,5253.25
2023-12-17,P0020,6085,0,test,5051.25
2023-12-24,P0020,4830,0,test,5051.25
2023-12-31,P0020,4525,0,test,4950.25
2024-01-07,P0020,803,0,test,5041.75
2022-01-02,P0014,1696,0,train,
2022-01-09,P0014,5041,0,train,
2022-01-16,P0014,4428,0,train,
2022-01-23,P0014,4760,0,train,
2022-01-30,P0014,4773,0,train,3981.25
2022-02-06,P0014,5361,0,train,4750.5
2022-02-13,P0014,5552,0,train,4830.5
2022-02-20,P0014,4612,0,train,5111.5
2022-02-27,P0014,5975,0,train,5074.5
2022-03-06,P0014,5088,0,train,5375.0
2022-03-13,P0014,3881,0,train,5306.75
2022-03-20,P0014,4427,0,train,4889.0
2022-03-27,P0014,4727,0,train,4842.75
2022-04-03,P0014,5033,0,train,4530.75
2022-04-10,P0014,5006,0,train,4517.0
2022-04-17,P0014,4877,0,train,4798.25
2022-04-24,P0014,4594,0,train,4910.75
2022-05-01,P0014,4291,0,train,4877.5
2022-05-08,P0014,4450,0,train,4692.0
2022-05-15,P0014,4411,0,train,4553.0
2022-05-22,P0014,5103,0,train,4436.5
2022-05-29,P0014,4876,0,train,4563.75
2022-06-05,P0014,5510,0,train,4710.0
2022-06-12,P0014,4105,0,train,4975.0
2022-06-19,P0014,5627,0,train,4898.5
2022-06-26,P0014,3810,0,train,5029.5
2022-07-03,P0014,3887,0,train,4763.0
2022-07-10,P0014,4802,0,train,4357.25
2022-07-17,P0014,4352,0,train,4531.5
2022-07-24,P0014,5115,0,train,4212.75
2022-07-31,P0014,6037,0,train,4539.0
2022-08-07,P0014,4826,0,train,5076.5
2022-08-14,P0014,5057,0,train,5082.5
2022-08-21,P0014,5488,0,train,5258.75
2022-08-28,P0014,4769,0,train,5352.0
2022-09-04,P0014,5341,0,train,5035.0
2022-09-11,P0014,4625,0,train,5163.75
2022-09-18,P0014,5956,0,train,5055.75
2022-09-25,P0014,4838,0,train,5172.75
2022-10-02,P0014,5448,0,train,5190.0
2022-10-09,P0014,4468,0,train,5216.75
2022-10-16,P0014,5082,0,train,5177.5
2022-10-23,P0014,4909,0,train,4959.0
2022-10-30,P0014,4549,0,train,4976.75
2022-11-06,P0014,5262,0,train,4752.0
2022-11-13,P0014,5272,0,train,4950.5
2022-11-20,P0014,3973,0,train,4998.0
2022-11-27,P0014,4042,0,train,4764.0
2022-12-04,P0014,4753,0,train,4637.25
2022-12-11,P0014,5509,0,train,4510.0
2022-12-18,P0014,5193,0,train,4569.25
2022-12-25,P0014,4256,0,train,4874.25
2023-01-01,P0014,5493,0,train,4927.75
2023-01-08,P0014,5136,0,train,5112.75
2023-01-15,P0014,5877,0,train,5019.5
2023-01-22,P0014,4054,0,train,5190.5
2023-01-29,P0014,5600,0,train,5140.0
2023-02-05,P0014,5600,0,train,5166.75
2023-02-12,P0014,6157,0,train,5282.75
2023-02-19,P0014,4220,0,train,5352.75
2023-02-26,P0014,4213,0,train,5394.25
2023-03-05,P0014,4794,0,train,5047.5
2023-03-12,P0014,5179,0,train,4846.0
2023-03-19,P0014,4059,0,train,4601.5
2023-03-26,P0014,4073,0,train,4561.25
2023-04-02,P0014,3963,0,train,4526.25
2023-04-09,P0014,4289,0,train,4318.5
2023-04-16,P0014,4592,0,train,4096.0
2023-04-23,P0014,5426,0,train,4229.25
2023-04-30,P0014,5988,0,train,4567.5
2023-05-07,P0014,4718,0,train,5073.75
2023-05-14,P0014,3844,0,train,5181.0
2023-05-21,P0014,4911,0,train,4994.0
2023-05-28,P0014,4256,0,train,4865.25
2023-06-04,P0014,3943,0,validation,4432.25
2023-06-11,P0014,4591,0,validation,4238.5
2023-06-18,P0014,4588,0,validation,4425.25
2023-06-25,P0014,5793,0,validation,4344.5
2023-07-02,P0014,3976,0,validation,4728.75
2023-07-09,P0014,5886,0,validation,4737.0
2023-07-16,P0014,5347,0,validation,5060.75
2023-07-23,P0014,4422,0,validation,5250.5
2023-07-30,P0014,4636,0,validation,4907.75
2023-08-06,P0014,4483,0,validation,5072.75
2023-08-13,P0014,4273,0,validation,4722.0
2023-08-20,P0014,5584,0,validation,4453.5
2023-08-27,P0014,4865,0,validation,4744.0
2023-09-03,P0014,5137,0,validation,4801.25
2023-09-10,P0014,4600,0,validation,4964.75
2023-09-17,P0014,5421,0,validation,5046.5
2023-09-24,P0014,4223,0,test,5005.75
2023-10-01,P0014,4741,0,test,4845.25
2023-10-08,P0014,5025,0,test,4746.25
2023-10-15,P0014,4949,0,test,4852.5
2023-10-22,P0014,5621,0,test,4734.5
2023-10-29,P0014,4586,0,test,5084.0
2023-11-05,P0014,5867,0,test,5045.25
2023-11-12,P0014,4486,0,test,5255.75
2023-11-19,P0014,4774,0,test,5140.0
2023-11-26,P0014,4542,0,test,4928.25
2023-12-03,P0014,4339,0,test,4917.25
2023-12-10,P0014,4556,0,test,4535.25
2023-12-17,P0014,5166,0,test,4552.75
2023-12-24,P0014,5453,0,test,4650.75
2023-12-31,P0014,4492,0,test,4878.5
2024-01-07,P0014,992,0,test,4916.75
